{
  "r2": 0.790587475113072,
  "mae": 101214.62303580534,
  "rmse": 166030.37312787853,
  "train_time_seconds": 0.136
}