{
  "r2": 0.8793241573141104,
  "mae": 71812.17408779549,
  "rmse": 126036.51539028274,
  "train_time_seconds": 4.397
}